-- phpMyAdmin SQL Dump
-- version 5.0.2
-- https://www.phpmyadmin.net/
--
-- Máy chủ: 127.0.0.1
-- Thời gian đã tạo: Th8 18, 2020 lúc 09:21 AM
-- Phiên bản máy phục vụ: 10.4.13-MariaDB
-- Phiên bản PHP: 7.4.7

SET SQL_MODE = "NO_AUTO_VALUE_ON_ZERO";
START TRANSACTION;
SET time_zone = "+00:00";


/*!40101 SET @OLD_CHARACTER_SET_CLIENT=@@CHARACTER_SET_CLIENT */;
/*!40101 SET @OLD_CHARACTER_SET_RESULTS=@@CHARACTER_SET_RESULTS */;
/*!40101 SET @OLD_COLLATION_CONNECTION=@@COLLATION_CONNECTION */;
/*!40101 SET NAMES utf8mb4 */;

--
-- Cơ sở dữ liệu: `dbl_ttmobile`
--

-- --------------------------------------------------------

--
-- Cấu trúc bảng cho bảng `binh_luan`
--

CREATE TABLE `binh_luan` (
  `id` int(10) UNSIGNED NOT NULL,
  `san_pham_id` int(11) NOT NULL,
  `nguoi_binh_luan` varchar(255) COLLATE utf8mb4_unicode_ci NOT NULL,
  `noi_dung_bl` text COLLATE utf8mb4_unicode_ci NOT NULL,
  `sdt_nguoi_bl` varchar(255) COLLATE utf8mb4_unicode_ci NOT NULL,
  `trang_thai` int(11) NOT NULL,
  `created_at` timestamp NULL DEFAULT NULL,
  `updated_at` timestamp NULL DEFAULT NULL
) ENGINE=InnoDB DEFAULT CHARSET=utf8mb4 COLLATE=utf8mb4_unicode_ci;

--
-- Đang đổ dữ liệu cho bảng `binh_luan`
--

INSERT INTO `binh_luan` (`id`, `san_pham_id`, `nguoi_binh_luan`, `noi_dung_bl`, `sdt_nguoi_bl`, `trang_thai`, `created_at`, `updated_at`) VALUES
(1, 6, 'Marge Homenick', 'Quisquam deserunt nam quas excepturi ea dicta asperiores quos.', '012345689', 0, '2020-08-09 08:20:21', '2020-08-09 08:20:21'),
(2, 7, 'Ms. Rhea O\'Conner III', 'Voluptas odio deleniti aut quis autem sed.', '012345689', 1, '2020-08-09 08:20:21', '2020-08-09 08:20:21'),
(3, 4, 'Russel Koelpin', 'Ipsum enim nesciunt amet error facere ad voluptatem dolorem.', '012345689', 1, '2020-08-09 08:20:21', '2020-08-09 08:20:21'),
(4, 4, 'Mrs. Kaycee Fay III', 'Veritatis eveniet ipsum aspernatur a vero.', '012345689', 1, '2020-08-09 08:20:21', '2020-08-09 08:20:21'),
(5, 6, 'Taurean Kling IV', 'Est quia non quae ea.', '012345689', 0, '2020-08-09 08:20:21', '2020-08-09 08:20:21'),
(6, 5, 'Lourdes Okuneva', 'Possimus praesentium iste quibusdam possimus placeat et.', '012345689', 0, '2020-08-09 08:20:21', '2020-08-09 08:20:21'),
(7, 4, 'Prof. Lamar Schroeder', 'Exercitationem repellat reprehenderit suscipit aperiam.', '012345689', 0, '2020-08-09 08:20:21', '2020-08-09 08:20:21'),
(8, 6, 'Nannie Powlowski V', 'Nostrum numquam aut blanditiis laboriosam earum aspernatur.', '012345689', 1, '2020-08-09 08:20:21', '2020-08-09 08:20:21'),
(9, 4, 'Prof. August Schulist Jr.', 'Perspiciatis ut dicta illo quo ullam non.', '012345689', 0, '2020-08-09 08:20:21', '2020-08-09 08:20:21'),
(10, 6, 'Mathew Sawayn Sr.', 'Tempore dolor quia voluptatem et nobis quos.', '012345689', 1, '2020-08-09 08:20:21', '2020-08-09 08:20:21'),
(11, 1, 'Mrs. Glenda Ebert DVM', 'Qui tempora nisi vel saepe maxime illo eum.', '012345689', 1, '2020-08-09 08:20:21', '2020-08-09 08:20:21'),
(12, 7, 'Sammy Thompson', 'Rem vero iure sit nesciunt non rerum.', '012345689', 1, '2020-08-09 08:20:21', '2020-08-09 08:20:21'),
(13, 8, 'Ms. Chanel Heathcote DVM', 'Quod est consequatur nemo.', '012345689', 1, '2020-08-09 08:20:21', '2020-08-09 08:20:21'),
(14, 6, 'Dayne Emmerich', 'Numquam ut vero sed corporis eum nisi.', '012345689', 0, '2020-08-09 08:20:21', '2020-08-09 08:20:21'),
(15, 6, 'Mya Huel Sr.', 'Vel dolore quia et itaque harum.', '012345689', 0, '2020-08-09 08:20:21', '2020-08-09 08:20:21'),
(16, 6, 'Mrs. Angelica Heathcote IV', 'Non aut sed qui sed.', '012345689', 1, '2020-08-09 08:20:21', '2020-08-09 08:20:21'),
(17, 4, 'Niko Lesch', 'In cumque aliquid eum et impedit eum at aut.', '012345689', 1, '2020-08-09 08:20:21', '2020-08-09 08:20:21'),
(18, 7, 'Orpha Ortiz', 'Exercitationem qui accusantium rerum qui voluptatem.', '012345689', 1, '2020-08-09 08:20:21', '2020-08-09 08:20:21'),
(19, 4, 'Golden Bechtelar', 'Ut accusantium ullam ut rerum.', '012345689', 1, '2020-08-09 08:20:21', '2020-08-09 08:20:21'),
(20, 6, 'Lila Lang', 'Nesciunt deleniti possimus minus doloremque adipisci nesciunt ab.', '012345689', 1, '2020-08-09 08:20:21', '2020-08-09 08:20:21'),
(21, 7, 'LAm truong', 'sssssssssssssssssssssssssss', '0978965517', 1, '2020-08-12 19:01:05', '2020-08-12 19:01:05'),
(22, 1, 'LAm truong', 'cũng được', '0978965517', 1, '2020-08-12 19:11:57', '2020-08-12 19:11:57'),
(23, 1, 'anh tú', 'Điện thoại xài ngon chất lượng', '01234567891', 1, '2020-08-13 05:14:59', '2020-08-13 05:16:23'),
(24, 9, 'LAm truong', 'Điện thoại tốt', '0978965517', 1, '2020-08-14 14:03:12', '2020-08-14 14:03:12'),
(25, 17, 'LAm truong', 'điện thoại nắp gập chất nhất hành tinh', '0978965517', 1, '2020-08-14 19:19:44', '2020-08-14 19:19:44'),
(26, 17, 'anh tú', 'điện thoại mắc', '01234567891', 1, '2020-08-14 19:20:00', '2020-08-14 19:20:00'),
(27, 20, 'LAm truong', 'điẹn thoại chất', '0978965517', 0, '2020-08-15 07:09:47', '2020-08-15 07:10:31'),
(28, 11, 'usserr100', 'tesst', '54545555555', 1, '2020-08-17 14:38:07', '2020-08-17 14:38:07'),
(29, 31, 'usserr100', 'Điện thoại samsung là đỉnh cao', '54545555555', 1, '2020-08-17 16:14:19', '2020-08-17 16:14:19'),
(30, 26, 'LAm truong', 'ok', '0978965517', 1, '2020-08-17 16:21:07', '2020-08-17 16:21:07');

-- --------------------------------------------------------

--
-- Cấu trúc bảng cho bảng `chi_tiet_don_hang`
--

CREATE TABLE `chi_tiet_don_hang` (
  `id` int(10) UNSIGNED NOT NULL,
  `don_hang_id` int(11) NOT NULL,
  `san_pham_id` int(11) NOT NULL,
  `so_luong` int(11) NOT NULL,
  `don_gia` int(11) NOT NULL,
  `trang_thai` tinyint(1) NOT NULL,
  `created_at` timestamp NULL DEFAULT NULL,
  `updated_at` timestamp NULL DEFAULT NULL
) ENGINE=InnoDB DEFAULT CHARSET=utf8mb4 COLLATE=utf8mb4_unicode_ci;

--
-- Đang đổ dữ liệu cho bảng `chi_tiet_don_hang`
--

INSERT INTO `chi_tiet_don_hang` (`id`, `don_hang_id`, `san_pham_id`, `so_luong`, `don_gia`, `trang_thai`, `created_at`, `updated_at`) VALUES
(2, 2, 4, 1, 22990000, 1, '2020-08-12 15:52:31', '2020-08-12 15:52:31'),
(3, 2, 6, 1, 40990000, 1, '2020-08-12 15:52:31', '2020-08-12 15:52:31'),
(4, 3, 6, 1, 40990000, 1, '2020-08-12 16:03:26', '2020-08-12 16:03:26'),
(5, 4, 1, 1, 8490000, 1, '2020-08-12 16:11:52', '2020-08-12 16:11:52'),
(6, 5, 1, 1, 8490000, 1, '2020-08-12 16:15:54', '2020-08-12 16:15:54'),
(7, 6, 7, 1, 17990000, 1, '2020-08-12 16:19:33', '2020-08-12 16:19:33'),
(8, 7, 4, 1, 22990000, 1, '2020-08-12 16:26:21', '2020-08-12 16:26:21'),
(9, 8, 1, 1, 8490000, 1, '2020-08-12 16:28:37', '2020-08-12 16:28:37'),
(10, 8, 3, 1, 13990000, 1, '2020-08-12 16:28:37', '2020-08-12 16:28:37'),
(11, 8, 4, 1, 22990000, 1, '2020-08-12 16:28:37', '2020-08-12 16:28:37'),
(12, 9, 7, 1, 17990000, 1, '2020-08-12 19:02:18', '2020-08-12 19:02:18'),
(13, 10, 7, 1, 17990000, 1, '2020-08-12 19:03:53', '2020-08-12 19:03:53'),
(14, 11, 5, 1, 29990000, 1, '2020-08-12 19:06:16', '2020-08-12 19:06:16'),
(15, 12, 1, 1, 8490000, 1, '2020-08-12 19:17:21', '2020-08-12 19:17:21'),
(16, 13, 12, 1, 36000000, 1, '2020-08-14 18:14:59', '2020-08-14 18:14:59'),
(17, 14, 17, 1, 70000000, 1, '2020-08-14 19:21:11', '2020-08-14 19:21:11'),
(18, 14, 24, 1, 1000000, 1, '2020-08-14 19:21:11', '2020-08-14 19:21:11'),
(19, 15, 1, 1, 8490000, 1, '2020-08-15 07:15:01', '2020-08-15 07:15:01'),
(20, 15, 3, 1, 13990000, 1, '2020-08-15 07:15:01', '2020-08-15 07:15:01'),
(21, 15, 4, 1, 22990000, 1, '2020-08-15 07:15:01', '2020-08-15 07:15:01'),
(22, 15, 5, 1, 29990000, 1, '2020-08-15 07:15:01', '2020-08-15 07:15:01'),
(23, 15, 24, 1, 1000000, 1, '2020-08-15 07:15:01', '2020-08-15 07:15:01'),
(24, 15, 12, 1, 36000000, 1, '2020-08-15 07:15:01', '2020-08-15 07:15:01'),
(25, 16, 31, 2, 23990000, 1, '2020-08-17 16:21:44', '2020-08-17 16:21:44'),
(26, 17, 31, 1, 23990000, 1, '2020-08-18 03:45:24', '2020-08-18 03:45:24'),
(27, 18, 12, 1, 36000000, 1, '2020-08-18 03:54:47', '2020-08-18 03:54:47'),
(28, 19, 22, 1, 3390000, 1, '2020-08-18 04:02:19', '2020-08-18 04:02:19'),
(29, 20, 4, 1, 22990000, 1, '2020-08-18 04:20:41', '2020-08-18 04:20:41'),
(30, 20, 12, 1, 36000000, 1, '2020-08-18 04:20:41', '2020-08-18 04:20:41');

-- --------------------------------------------------------

--
-- Cấu trúc bảng cho bảng `chi_tiet_thong_so`
--

CREATE TABLE `chi_tiet_thong_so` (
  `id` int(10) UNSIGNED NOT NULL,
  `san_pham_id` int(11) NOT NULL,
  `thong_so_id` int(11) NOT NULL,
  `gia_tri` varchar(255) COLLATE utf8mb4_unicode_ci NOT NULL,
  `trang_thai` int(11) NOT NULL,
  `created_at` timestamp NULL DEFAULT NULL,
  `updated_at` timestamp NULL DEFAULT NULL
) ENGINE=InnoDB DEFAULT CHARSET=utf8mb4 COLLATE=utf8mb4_unicode_ci;

--
-- Đang đổ dữ liệu cho bảng `chi_tiet_thong_so`
--

INSERT INTO `chi_tiet_thong_so` (`id`, `san_pham_id`, `thong_so_id`, `gia_tri`, `trang_thai`, `created_at`, `updated_at`) VALUES
(1, 1, 1, '2', 1, '2020-08-08 00:48:51', '2020-08-08 00:48:51'),
(2, 1, 2, '4,7', 1, '2020-08-08 00:48:51', '2020-08-08 00:48:51'),
(3, 1, 3, '32', 1, '2020-08-08 00:48:51', '2020-08-08 00:48:51'),
(4, 1, 4, '8', 1, '2020-08-08 00:48:51', '2020-08-08 00:48:51'),
(5, 1, 5, '12', 1, '2020-08-08 00:48:51', '2020-08-08 00:48:51'),
(6, 1, 6, 'A10, ios13', 1, '2020-08-08 00:48:51', '2020-08-08 00:48:51'),
(7, 1, 7, '138', 1, '2020-08-08 00:48:51', '2020-08-08 00:48:51'),
(8, 1, 8, '1960', 1, '2020-08-08 00:48:51', '2020-08-08 00:48:51'),
(9, 2, 1, '3', 1, '2020-08-08 00:53:37', '2020-08-08 00:53:37'),
(10, 2, 2, '5,5', 1, '2020-08-08 00:53:37', '2020-08-08 00:53:37'),
(11, 2, 3, '64', 1, '2020-08-08 00:53:37', '2020-08-08 00:53:37'),
(12, 2, 4, '7', 1, '2020-08-08 00:53:37', '2020-08-08 00:53:37'),
(13, 2, 5, '12', 1, '2020-08-08 00:53:37', '2020-08-08 00:53:37'),
(14, 2, 6, 'A11, Ios13', 1, '2020-08-08 00:53:37', '2020-08-08 00:53:37'),
(15, 2, 7, '202', 1, '2020-08-08 00:53:37', '2020-08-08 00:53:37'),
(16, 2, 8, '2691', 1, '2020-08-08 00:53:37', '2020-08-08 00:53:37'),
(17, 3, 1, '3', 1, '2020-08-08 01:04:01', '2020-08-08 01:04:01'),
(18, 3, 2, '5,5', 1, '2020-08-08 01:04:01', '2020-08-08 01:04:01'),
(19, 3, 3, '64', 1, '2020-08-08 01:04:01', '2020-08-08 01:04:01'),
(20, 3, 4, '8', 1, '2020-08-08 01:04:01', '2020-08-08 01:04:01'),
(21, 3, 5, '12', 1, '2020-08-08 01:04:01', '2020-08-08 01:04:01'),
(22, 3, 6, 'A10, ios13', 1, '2020-08-08 01:04:01', '2020-08-08 01:04:01'),
(23, 3, 7, '202', 1, '2020-08-08 01:04:01', '2020-08-08 01:04:01'),
(24, 3, 8, '2691', 1, '2020-08-08 01:04:01', '2020-08-08 01:04:01'),
(25, 4, 1, '4', 1, '2020-08-08 01:07:17', '2020-08-08 01:07:17'),
(26, 4, 2, '6,1', 1, '2020-08-08 01:07:17', '2020-08-08 01:07:17'),
(27, 4, 3, '128', 1, '2020-08-08 01:07:17', '2020-08-08 01:07:17'),
(28, 4, 4, '12', 1, '2020-08-08 01:07:17', '2020-08-08 01:07:17'),
(29, 4, 5, '12', 1, '2020-08-08 01:07:17', '2020-08-08 01:07:17'),
(30, 4, 6, 'A13, ios13', 1, '2020-08-08 01:07:17', '2020-08-08 01:07:17'),
(31, 4, 7, '189', 1, '2020-08-08 01:07:17', '2020-08-08 01:07:17'),
(32, 4, 8, '3110', 1, '2020-08-08 01:07:17', '2020-08-08 01:07:17'),
(33, 5, 1, '4', 1, '2020-08-08 01:11:34', '2020-08-08 01:11:34'),
(34, 5, 2, '6,5', 1, '2020-08-08 01:11:34', '2020-08-08 01:11:34'),
(35, 5, 3, '256', 1, '2020-08-08 01:11:34', '2020-08-08 01:11:34'),
(36, 5, 4, '12', 1, '2020-08-08 01:11:34', '2020-08-08 01:11:34'),
(37, 5, 5, '12', 1, '2020-08-08 01:11:34', '2020-08-08 01:11:34'),
(38, 5, 6, 'A12, ios13', 1, '2020-08-08 01:11:34', '2020-08-08 01:11:34'),
(39, 5, 7, '208', 1, '2020-08-08 01:11:34', '2020-08-08 01:11:34'),
(40, 5, 8, '3174', 1, '2020-08-08 01:11:34', '2020-08-08 01:11:34'),
(41, 6, 1, '4', 1, '2020-08-08 01:15:45', '2020-08-08 01:15:45'),
(42, 6, 2, '6,5', 1, '2020-08-08 01:15:45', '2020-08-08 01:15:45'),
(43, 6, 3, '512', 1, '2020-08-08 01:15:45', '2020-08-08 01:15:45'),
(44, 6, 4, '12', 1, '2020-08-08 01:15:45', '2020-08-08 01:15:45'),
(45, 6, 5, '12', 1, '2020-08-08 01:15:45', '2020-08-08 01:15:45'),
(46, 6, 6, 'A13, ios13', 1, '2020-08-08 01:15:45', '2020-08-08 01:15:45'),
(47, 6, 7, '202', 1, '2020-08-08 01:15:45', '2020-08-08 01:15:45'),
(48, 6, 8, '3969', 1, '2020-08-08 01:15:45', '2020-08-08 01:15:45'),
(49, 7, 1, '12', 1, '2020-08-08 01:18:41', '2020-08-08 01:18:41'),
(50, 7, 2, '6,8', 1, '2020-08-08 01:18:41', '2020-08-08 01:18:41'),
(51, 7, 3, '256', 1, '2020-08-08 01:18:41', '2020-08-08 01:18:41'),
(52, 7, 4, '12', 1, '2020-08-08 01:18:41', '2020-08-08 01:18:41'),
(53, 7, 5, '12', 1, '2020-08-08 01:18:41', '2020-08-08 01:18:41'),
(54, 7, 6, 'Exynos 9825 8 nhân', 1, '2020-08-08 01:18:41', '2020-08-08 01:18:41'),
(55, 7, 7, '213', 1, '2020-08-08 01:18:41', '2020-08-08 01:18:41'),
(56, 7, 8, '4300', 1, '2020-08-08 01:18:41', '2020-08-08 01:18:41'),
(57, 8, 1, '6', 1, '2020-08-08 23:53:17', '2020-08-08 23:53:17'),
(58, 8, 2, '6,5', 1, '2020-08-08 23:53:17', '2020-08-08 23:53:17'),
(59, 8, 3, '64', 1, '2020-08-08 23:53:17', '2020-08-08 23:53:17'),
(60, 8, 4, '13', 1, '2020-08-08 23:53:18', '2020-08-08 23:53:18'),
(61, 8, 5, '8', 1, '2020-08-08 23:53:18', '2020-08-08 23:53:18'),
(62, 8, 6, 'Exynos 850 8 nhân', 1, '2020-08-08 23:53:18', '2020-08-08 23:53:18'),
(63, 8, 7, '189', 1, '2020-08-08 23:53:18', '2020-08-08 23:53:18'),
(64, 8, 8, '5000', 1, '2020-08-08 23:53:18', '2020-08-08 23:53:18'),
(65, 9, 1, '8', 1, '2020-08-14 14:00:25', '2020-08-14 14:00:25'),
(66, 9, 3, '128', 1, '2020-08-14 14:00:25', '2020-08-14 14:00:25'),
(67, 9, 2, '6,7', 1, '2020-08-14 14:00:25', '2020-08-14 14:00:25'),
(68, 9, 4, '32', 1, '2020-08-14 14:00:25', '2020-08-14 14:00:25'),
(69, 9, 5, '64', 1, '2020-08-14 14:00:25', '2020-08-14 14:00:25'),
(70, 9, 6, 'Snapdragon 730 8 nhân', 1, '2020-08-14 14:00:25', '2020-08-14 14:00:25'),
(71, 9, 7, '208', 1, '2020-08-14 14:00:25', '2020-08-14 14:00:25'),
(72, 9, 8, '4500', 1, '2020-08-14 14:00:25', '2020-08-14 14:00:25'),
(73, 10, 1, '8', 1, '2020-08-14 14:11:46', '2020-08-14 14:11:46'),
(74, 10, 2, '6,7', 1, '2020-08-14 14:11:46', '2020-08-14 14:11:46'),
(75, 10, 3, '128', 1, '2020-08-14 14:11:46', '2020-08-14 14:11:46'),
(76, 10, 4, '10', 1, '2020-08-14 14:11:46', '2020-08-14 14:11:46'),
(77, 10, 5, '12', 1, '2020-08-14 14:11:46', '2020-08-14 14:11:46'),
(78, 10, 6, 'Exynos 990 8 nhân', 1, '2020-08-14 14:11:46', '2020-08-14 14:11:46'),
(79, 10, 7, '186', 1, '2020-08-14 14:11:46', '2020-08-14 14:11:46'),
(80, 10, 8, '4500', 1, '2020-08-14 14:11:46', '2020-08-14 14:11:46'),
(81, 11, 1, '6', 1, '2020-08-14 14:18:00', '2020-08-14 14:18:00'),
(82, 11, 2, '6,7', 1, '2020-08-14 14:18:00', '2020-08-14 14:18:00'),
(83, 11, 3, '128', 1, '2020-08-14 14:18:00', '2020-08-14 14:18:00'),
(84, 11, 4, '32', 1, '2020-08-14 14:18:00', '2020-08-14 14:18:00'),
(85, 11, 5, '32', 1, '2020-08-14 14:18:00', '2020-08-14 14:18:00'),
(86, 11, 6, 'Snapdragon 675 8 nhân', 1, '2020-08-14 14:18:00', '2020-08-14 14:18:00'),
(87, 11, 7, '208', 1, '2020-08-14 14:18:00', '2020-08-14 14:18:00'),
(88, 11, 8, '5000', 1, '2020-08-14 14:18:00', '2020-08-14 14:18:00'),
(89, 12, 1, '8', 1, '2020-08-14 14:25:56', '2020-08-14 14:25:56'),
(90, 12, 2, '6,7', 1, '2020-08-14 14:25:56', '2020-08-14 14:25:56'),
(91, 12, 3, '256', 1, '2020-08-14 14:25:56', '2020-08-14 14:25:56'),
(92, 12, 4, '10', 1, '2020-08-14 14:25:56', '2020-08-14 14:25:56'),
(93, 12, 5, '12', 1, '2020-08-14 14:25:56', '2020-08-14 14:25:56'),
(94, 12, 6, 'Snapdragon 855+ 8 nhân', 1, '2020-08-14 14:25:56', '2020-08-14 14:25:56'),
(95, 12, 7, '189', 1, '2020-08-14 14:25:56', '2020-08-14 14:25:56'),
(96, 12, 8, '3300', 1, '2020-08-14 14:25:56', '2020-08-14 14:25:56'),
(97, 13, 1, '8', 1, '2020-08-14 14:30:31', '2020-08-14 14:30:31'),
(98, 13, 2, '6,4', 1, '2020-08-14 14:30:31', '2020-08-14 14:30:31'),
(99, 13, 3, '128', 1, '2020-08-14 14:30:31', '2020-08-14 14:30:31'),
(100, 13, 4, '44', 1, '2020-08-14 14:30:31', '2020-08-14 14:30:31'),
(101, 13, 5, '48', 1, '2020-08-14 14:30:31', '2020-08-14 14:30:31'),
(102, 13, 6, 'MediaTek Helio P90 8 nhân', 1, '2020-08-14 14:30:31', '2020-08-14 14:30:31'),
(103, 13, 7, '212', 1, '2020-08-14 14:30:31', '2020-08-14 14:30:31'),
(104, 14, 1, '1', 1, '2020-08-14 14:43:52', '2020-08-14 14:43:52'),
(105, 14, 2, '6,4', 1, '2020-08-14 14:43:52', '2020-08-14 14:43:52'),
(106, 14, 3, '128', 1, '2020-08-14 14:43:52', '2020-08-14 14:43:52'),
(107, 14, 4, '32', 1, '2020-08-14 14:43:52', '2020-08-14 14:43:52'),
(108, 14, 5, '48', 1, '2020-08-14 14:43:52', '2020-08-14 14:43:52'),
(109, 14, 6, 'Snapdragon 720G 8 nhân', 1, '2020-08-14 14:43:52', '2020-08-14 14:43:52'),
(110, 14, 7, '186', 1, '2020-08-14 14:43:52', '2020-08-14 14:43:52'),
(111, 14, 8, '4015', 1, '2020-08-14 14:43:52', '2020-08-14 14:43:52'),
(112, 15, 1, '12', 1, '2020-08-14 14:52:32', '2020-08-14 14:52:32'),
(113, 15, 2, '6,78', 1, '2020-08-14 14:52:32', '2020-08-14 14:52:32'),
(114, 15, 3, '256', 1, '2020-08-14 14:52:32', '2020-08-14 14:52:32'),
(115, 15, 4, '32', 1, '2020-08-14 14:52:32', '2020-08-14 14:52:32'),
(116, 15, 5, '48', 1, '2020-08-14 14:52:32', '2020-08-14 14:52:32'),
(117, 15, 6, 'Snapdragon 865 8 nhân', 1, '2020-08-14 14:52:32', '2020-08-14 14:52:32'),
(118, 15, 8, '4200', 1, '2020-08-14 14:52:32', '2020-08-14 14:52:32'),
(119, 16, 1, '8', 1, '2020-08-14 14:58:32', '2020-08-14 14:58:32'),
(120, 16, 2, '6,7', 1, '2020-08-14 14:58:32', '2020-08-14 14:58:32'),
(121, 16, 3, '128', 1, '2020-08-14 14:58:32', '2020-08-14 14:58:32'),
(122, 16, 4, '42', 1, '2020-08-14 14:58:32', '2020-08-14 14:58:32'),
(123, 16, 5, '48', 1, '2020-08-14 14:58:32', '2020-08-14 14:58:32'),
(124, 16, 6, 'MediaTek Helio P95 8 nhân', 1, '2020-08-14 14:58:32', '2020-08-14 14:58:32'),
(125, 16, 7, '186', 1, '2020-08-14 14:58:32', '2020-08-14 14:58:32'),
(126, 16, 8, '5000', 1, '2020-08-14 14:58:32', '2020-08-14 14:58:32'),
(127, 17, 1, '8', 1, '2020-08-14 15:06:06', '2020-08-14 15:06:06'),
(128, 17, 2, '8', 1, '2020-08-14 15:06:06', '2020-08-14 15:06:06'),
(129, 17, 3, '512', 1, '2020-08-14 15:06:06', '2020-08-14 15:06:06'),
(130, 17, 4, '32', 1, '2020-08-14 15:06:06', '2020-08-14 15:06:06'),
(131, 17, 5, '48', 1, '2020-08-14 15:06:06', '2020-08-14 15:06:06'),
(132, 17, 6, 'Octa-core 2x2.6', 1, '2020-08-14 15:06:06', '2020-08-14 15:06:06'),
(133, 17, 7, '213', 1, '2020-08-14 15:06:06', '2020-08-14 15:06:06'),
(134, 17, 8, '4500', 1, '2020-08-14 15:06:06', '2020-08-14 15:06:06'),
(135, 18, 1, '8', 1, '2020-08-14 15:09:27', '2020-08-14 15:09:27'),
(136, 18, 3, '128', 1, '2020-08-14 15:09:27', '2020-08-14 15:09:27'),
(137, 18, 2, '6,7', 1, '2020-08-14 15:09:27', '2020-08-14 15:09:27'),
(138, 18, 4, '16', 1, '2020-08-14 15:09:27', '2020-08-14 15:09:27'),
(139, 18, 5, '48', 1, '2020-08-14 15:09:27', '2020-08-14 15:09:27'),
(140, 18, 6, 'MediaTek Helio P70 8 nhân 2.1', 1, '2020-08-14 15:09:27', '2020-08-14 15:09:27'),
(141, 18, 7, '178', 1, '2020-08-14 15:09:27', '2020-08-14 15:09:27'),
(142, 18, 8, '4500', 1, '2020-08-14 15:09:27', '2020-08-14 15:09:27'),
(143, 19, 1, '12', 1, '2020-08-14 15:13:25', '2020-08-14 15:13:25'),
(144, 19, 2, '7,3', 1, '2020-08-14 15:13:25', '2020-08-14 15:13:25'),
(145, 19, 3, '512', 1, '2020-08-14 15:13:25', '2020-08-14 15:13:25'),
(146, 19, 4, '16', 1, '2020-08-14 15:13:25', '2020-08-14 15:13:25'),
(147, 19, 5, '24', 1, '2020-08-14 15:13:25', '2020-08-14 15:13:25'),
(148, 19, 6, 'Snapdragon 855 8 nhân 3.1', 1, '2020-08-14 15:13:25', '2020-08-14 15:13:25'),
(149, 19, 7, '214', 1, '2020-08-14 15:13:25', '2020-08-14 15:13:25'),
(150, 19, 8, '4500', 1, '2020-08-14 15:13:25', '2020-08-14 15:13:25'),
(151, 20, 1, '6', 1, '2020-08-14 15:21:19', '2020-08-14 15:21:19'),
(152, 20, 2, '6,53', 1, '2020-08-14 15:21:19', '2020-08-14 15:21:19'),
(153, 20, 3, '128', 1, '2020-08-14 15:21:19', '2020-08-14 15:21:19'),
(154, 20, 4, '20', 1, '2020-08-14 15:21:19', '2020-08-14 15:21:19'),
(155, 20, 5, '48', 1, '2020-08-14 15:21:19', '2020-08-14 15:21:19'),
(156, 20, 6, 'Mediatek Helio G90T 8 nhân 2.4', 1, '2020-08-14 15:21:19', '2020-08-14 15:21:19'),
(157, 20, 7, '185', 1, '2020-08-14 15:21:19', '2020-08-14 15:21:19'),
(158, 20, 8, '4500', 1, '2020-08-14 15:21:19', '2020-08-14 15:21:19'),
(159, 21, 1, '8', 1, '2020-08-14 15:24:03', '2020-08-14 15:24:03'),
(160, 21, 2, '6,47', 1, '2020-08-14 15:24:03', '2020-08-14 15:24:03'),
(161, 21, 3, '256', 1, '2020-08-14 15:24:03', '2020-08-14 15:24:03'),
(162, 21, 5, '108', 1, '2020-08-14 15:24:03', '2020-08-14 15:24:03'),
(163, 21, 4, '32', 1, '2020-08-14 15:24:03', '2020-08-14 15:24:03'),
(164, 21, 6, 'Snapdragon 730G 8 nhân 3.2', 1, '2020-08-14 15:24:03', '2020-08-14 15:24:03'),
(165, 21, 7, '198', 1, '2020-08-14 15:24:03', '2020-08-14 15:24:03'),
(166, 21, 8, '5000', 1, '2020-08-14 15:24:03', '2020-08-14 15:24:03'),
(167, 22, 1, '3', 1, '2020-08-14 15:28:58', '2020-08-14 15:28:58'),
(168, 22, 2, '6,55', 1, '2020-08-14 15:28:58', '2020-08-14 15:28:58'),
(169, 22, 3, '64', 1, '2020-08-14 15:28:58', '2020-08-14 15:28:58'),
(170, 22, 4, '8', 1, '2020-08-14 15:28:58', '2020-08-14 15:28:58'),
(171, 22, 5, '13', 1, '2020-08-14 15:28:58', '2020-08-14 15:28:58'),
(172, 22, 6, 'Snapdragon 665 8 nhân 1,8', 1, '2020-08-14 15:28:58', '2020-08-14 15:28:58'),
(173, 22, 7, '178', 1, '2020-08-14 15:28:58', '2020-08-14 15:28:58'),
(174, 22, 8, '3500', 1, '2020-08-14 15:28:58', '2020-08-14 15:28:58'),
(175, 23, 2, '2,8', 1, '2020-08-14 15:30:42', '2020-08-14 15:30:42'),
(176, 23, 1, '1', 1, '2020-08-14 15:30:42', '2020-08-14 15:30:42'),
(177, 23, 3, '16', 1, '2020-08-14 15:30:42', '2020-08-14 15:30:42'),
(178, 23, 8, '1200', 1, '2020-08-14 15:30:42', '2020-08-14 15:30:42'),
(179, 24, 2, '2,5', 1, '2020-08-14 15:32:09', '2020-08-14 15:32:09'),
(180, 24, 7, '90', 1, '2020-08-14 15:32:09', '2020-08-14 15:32:09'),
(181, 24, 8, '1200', 1, '2020-08-14 15:32:09', '2020-08-14 15:32:09'),
(182, 25, 2, '2,4', 1, '2020-08-14 15:33:18', '2020-08-14 15:33:18'),
(183, 25, 7, '89', 1, '2020-08-14 15:33:18', '2020-08-14 15:33:18'),
(184, 25, 8, '1200', 1, '2020-08-14 15:33:18', '2020-08-14 15:33:18'),
(185, 26, 2, '2,5', 1, '2020-08-14 15:34:25', '2020-08-14 15:34:25'),
(186, 26, 7, '86', 1, '2020-08-14 15:34:25', '2020-08-14 15:34:25'),
(187, 26, 8, '1100', 1, '2020-08-14 15:34:25', '2020-08-14 15:34:25'),
(188, 27, 2, '2,4', 1, '2020-08-14 15:35:32', '2020-08-14 15:35:32'),
(189, 27, 7, '86', 1, '2020-08-14 15:35:32', '2020-08-14 15:35:32'),
(190, 27, 8, '800', 1, '2020-08-14 15:35:32', '2020-08-14 15:35:32'),
(191, 28, 1, '6', 1, '2020-08-14 15:45:28', '2020-08-14 15:45:28'),
(192, 28, 2, '6,59', 1, '2020-08-14 15:45:28', '2020-08-14 15:45:28'),
(193, 28, 3, '128', 1, '2020-08-14 15:45:28', '2020-08-14 15:45:28'),
(194, 28, 4, '16', 1, '2020-08-14 15:45:28', '2020-08-14 15:45:28'),
(195, 28, 5, '48', 1, '2020-08-14 15:45:28', '2020-08-14 15:45:28'),
(196, 28, 6, 'Kirin 710F 8 nhân 2,4', 1, '2020-08-14 15:45:28', '2020-08-14 15:45:28'),
(197, 28, 7, '178', 1, '2020-08-14 15:45:28', '2020-08-14 15:45:28'),
(198, 28, 8, '4000', 1, '2020-08-14 15:45:28', '2020-08-14 15:45:28'),
(199, 29, 1, '3', 1, '2020-08-14 19:31:25', '2020-08-14 19:31:25'),
(200, 29, 2, '4,7', 1, '2020-08-14 19:31:25', '2020-08-14 19:31:25'),
(201, 29, 3, '64', 1, '2020-08-14 19:31:25', '2020-08-14 19:31:25'),
(202, 29, 4, '7', 1, '2020-08-14 19:31:25', '2020-08-14 19:31:25'),
(203, 29, 5, '12', 1, '2020-08-14 19:31:25', '2020-08-14 19:31:25'),
(204, 29, 6, 'Apple A13 Bionic 6 nhân 3.1', 1, '2020-08-14 19:31:25', '2020-08-14 19:31:25'),
(205, 29, 7, '168', 1, '2020-08-14 19:31:25', '2020-08-14 19:31:25'),
(206, 29, 8, '1821', 1, '2020-08-14 19:31:25', '2020-08-14 19:31:25'),
(207, 30, 1, '3', 1, '2020-08-15 07:22:41', '2020-08-15 07:22:41'),
(208, 30, 2, '4,7', 1, '2020-08-15 07:22:41', '2020-08-15 07:22:41'),
(209, 30, 3, '256', 1, '2020-08-15 07:22:41', '2020-08-15 07:22:41'),
(210, 30, 8, '1821', 1, '2020-08-15 07:22:41', '2020-08-15 07:22:41'),
(211, 31, 1, '8', 1, '2020-08-17 16:12:05', '2020-08-17 16:12:05'),
(212, 31, 2, '6,7', 1, '2020-08-17 16:12:05', '2020-08-17 16:12:05'),
(213, 31, 3, '256', 1, '2020-08-17 16:12:05', '2020-08-17 16:12:05'),
(214, 31, 4, '10', 1, '2020-08-17 16:12:05', '2020-08-17 16:12:05'),
(215, 31, 5, '64', 1, '2020-08-17 16:12:05', '2020-08-17 16:12:05'),
(216, 31, 6, 'Exynos 990 8 nhân', 1, '2020-08-17 16:12:05', '2020-08-17 16:12:05'),
(217, 31, 7, '192', 1, '2020-08-17 16:12:05', '2020-08-17 16:12:05'),
(218, 31, 8, '4300', 1, '2020-08-17 16:12:05', '2020-08-17 16:12:05');

-- --------------------------------------------------------

--
-- Cấu trúc bảng cho bảng `chuong_trinh_khuyen_mai`
--

CREATE TABLE `chuong_trinh_khuyen_mai` (
  `id` int(10) UNSIGNED NOT NULL,
  `ten_chuong_trinh` varchar(255) COLLATE utf8mb4_unicode_ci NOT NULL,
  `tgian_batdau` datetime NOT NULL,
  `tgian_ketthuc` datetime NOT NULL,
  `gia_tri_km` int(11) NOT NULL,
  `loai_gia_tri` varchar(255) COLLATE utf8mb4_unicode_ci NOT NULL,
  `toi_da` int(11) NOT NULL,
  `trang_thai` tinyint(1) NOT NULL,
  `created_at` timestamp NULL DEFAULT NULL,
  `updated_at` timestamp NULL DEFAULT NULL
) ENGINE=InnoDB DEFAULT CHARSET=utf8mb4 COLLATE=utf8mb4_unicode_ci;

-- --------------------------------------------------------

--
-- Cấu trúc bảng cho bảng `don_hang`
--

CREATE TABLE `don_hang` (
  `id` int(10) UNSIGNED NOT NULL,
  `khach_hang_id` int(11) NOT NULL,
  `tong_tien` int(11) NOT NULL,
  `ghi_chu` varchar(255) COLLATE utf8mb4_unicode_ci NOT NULL,
  `hinh_thuc_thanh_toan` int(11) NOT NULL,
  `trang_thai` int(11) NOT NULL,
  `created_at` timestamp NULL DEFAULT NULL,
  `updated_at` timestamp NULL DEFAULT NULL
) ENGINE=InnoDB DEFAULT CHARSET=utf8mb4 COLLATE=utf8mb4_unicode_ci;

--
-- Đang đổ dữ liệu cho bảng `don_hang`
--

INSERT INTO `don_hang` (`id`, `khach_hang_id`, `tong_tien`, `ghi_chu`, `hinh_thuc_thanh_toan`, `trang_thai`, `created_at`, `updated_at`) VALUES
(2, 504, 72470000, 'khong co ghi chu nha', 0, 0, '2020-08-12 15:52:31', '2020-08-12 16:30:19'),
(3, 505, 40990000, 'khongg', 0, 1, '2020-08-12 16:03:26', '2020-08-14 18:11:27'),
(4, 506, 8490000, 'khong', 0, 1, '2020-08-12 16:11:52', '2020-08-12 16:11:52'),
(5, 507, 8490000, 'sddsdsd', 1, 1, '2020-08-12 16:15:54', '2020-08-12 16:15:54'),
(6, 508, 17990000, 'hjfhjdhfjshdkfjhsdkf', 1, 1, '2020-08-12 16:19:33', '2020-08-12 16:19:33'),
(7, 509, 22990000, 'không', 1, 2, '2020-08-12 16:26:21', '2020-08-12 16:26:52'),
(8, 510, 45470000, 'kkkk', 0, 0, '2020-08-12 16:28:37', '2020-08-12 16:29:19'),
(9, 511, 17990000, 'sssssssssssssssssssssss', 0, 1, '2020-08-12 19:02:18', '2020-08-12 19:02:18'),
(10, 512, 17990000, 'ddddddddddddddddddddddddddddđ', 0, 1, '2020-08-12 19:03:53', '2020-08-12 19:03:53'),
(11, 514, 29990000, 'ddddddddddd', 1, 1, '2020-08-12 19:06:16', '2020-08-12 19:06:16'),
(12, 515, 8490000, 'không', 0, 1, '2020-08-12 19:17:21', '2020-08-12 19:17:21'),
(13, 516, 36000000, 'không có ghi chú', 0, 2, '2020-08-14 18:14:59', '2020-08-17 16:15:27'),
(14, 517, 71000000, 'giao buổi sáng nha shop', 0, 1, '2020-08-14 19:21:11', '2020-08-14 19:21:11'),
(15, 518, 112460000, 'giao buổ sáng', 0, 3, '2020-08-15 07:15:01', '2020-08-15 07:17:18'),
(16, 519, 47980000, 'không', 1, 1, '2020-08-17 16:21:44', '2020-08-17 16:21:44'),
(17, 520, 23990000, 'aaaaa', 0, 1, '2020-08-18 03:45:24', '2020-08-18 03:45:24'),
(18, 521, 36000000, 'khong', 0, 1, '2020-08-18 03:54:47', '2020-08-18 03:54:47'),
(19, 522, 3390000, 'khoong', 0, 1, '2020-08-18 04:02:19', '2020-08-18 04:02:19'),
(20, 523, 58990000, 'giao sáng', 0, 1, '2020-08-18 04:20:41', '2020-08-18 04:20:41');

-- --------------------------------------------------------

--
-- Cấu trúc bảng cho bảng `gio_hang`
--

CREATE TABLE `gio_hang` (
  `id` int(10) UNSIGNED NOT NULL,
  `nguoi_mua` varchar(255) COLLATE utf8mb4_unicode_ci NOT NULL,
  `san_pham_id` varchar(255) COLLATE utf8mb4_unicode_ci NOT NULL,
  `so_luong` int(11) NOT NULL,
  `trang_thai` tinyint(1) NOT NULL,
  `created_at` timestamp NULL DEFAULT NULL,
  `updated_at` timestamp NULL DEFAULT NULL
) ENGINE=InnoDB DEFAULT CHARSET=utf8mb4 COLLATE=utf8mb4_unicode_ci;

-- --------------------------------------------------------

--
-- Cấu trúc bảng cho bảng `hinh_anh_san_pham`
--

CREATE TABLE `hinh_anh_san_pham` (
  `id` int(10) UNSIGNED NOT NULL,
  `san_pham_id` int(11) NOT NULL,
  `duong_dan` varchar(255) COLLATE utf8mb4_unicode_ci NOT NULL,
  `trang_thai` tinyint(1) NOT NULL,
  `created_at` timestamp NULL DEFAULT NULL,
  `updated_at` timestamp NULL DEFAULT NULL
) ENGINE=InnoDB DEFAULT CHARSET=utf8mb4 COLLATE=utf8mb4_unicode_ci;

--
-- Đang đổ dữ liệu cho bảng `hinh_anh_san_pham`
--

INSERT INTO `hinh_anh_san_pham` (`id`, `san_pham_id`, `duong_dan`, `trang_thai`, `created_at`, `updated_at`) VALUES
(1, 1, '0808201448501056858912-san-pham.png', 1, '2020-08-08 00:48:51', '2020-08-08 00:48:51'),
(2, 1, '080820144851865851609-san-pham.png', 1, '2020-08-08 00:48:51', '2020-08-08 00:48:51'),
(5, 3, '080820150401903599547-san-pham.png', 1, '2020-08-08 01:04:01', '2020-08-08 01:04:01'),
(6, 3, '0808201504011797065083-san-pham.png', 1, '2020-08-08 01:04:01', '2020-08-08 01:04:01'),
(7, 4, '080820150717158451583-san-pham.png', 1, '2020-08-08 01:07:17', '2020-08-08 01:07:17'),
(8, 4, '080820150717295332854-san-pham.png', 1, '2020-08-08 01:07:17', '2020-08-08 01:07:17'),
(9, 5, '080820151134636854985-san-pham.png', 1, '2020-08-08 01:11:34', '2020-08-08 01:11:34'),
(10, 5, '0808201511341452798103-san-pham.png', 1, '2020-08-08 01:11:34', '2020-08-08 01:11:34'),
(11, 6, '08082015154516101636-san-pham.png', 1, '2020-08-08 01:15:45', '2020-08-08 01:15:45'),
(12, 6, '080820151545381936756-san-pham.png', 1, '2020-08-08 01:15:45', '2020-08-08 01:15:45'),
(13, 7, '0808201518411108518161-san-pham.png', 1, '2020-08-08 01:18:41', '2020-08-08 01:18:41'),
(14, 7, '080820151841514696398-san-pham.png', 1, '2020-08-08 01:18:41', '2020-08-08 01:18:41'),
(15, 8, '0908201353171860459027-san-pham.png', 1, '2020-08-08 23:53:17', '2020-08-08 23:53:17'),
(16, 8, '0908201353172070322292-san-pham.png', 1, '2020-08-08 23:53:17', '2020-08-08 23:53:17'),
(17, 9, '140820210024516984682-san-pham.png', 1, '2020-08-14 14:00:25', '2020-08-14 14:00:25'),
(18, 9, '140820210025354949050-san-pham.png', 1, '2020-08-14 14:00:25', '2020-08-14 14:00:25'),
(19, 10, '1408202111461513883428-san-pham.png', 1, '2020-08-14 14:11:46', '2020-08-14 14:11:46'),
(20, 10, '14082021114667455837-san-pham.png', 1, '2020-08-14 14:11:46', '2020-08-14 14:11:46'),
(21, 11, '1408202118001250481883-san-pham.png', 1, '2020-08-14 14:18:00', '2020-08-14 14:18:00'),
(22, 11, '1408202118001486532275-san-pham.png', 1, '2020-08-14 14:18:00', '2020-08-14 14:18:00'),
(23, 12, '1408202125561116290643-san-pham.png', 1, '2020-08-14 14:25:56', '2020-08-14 14:25:56'),
(24, 12, '14082021255679382666-san-pham.png', 1, '2020-08-14 14:25:56', '2020-08-14 14:25:56'),
(25, 13, '140820213031608816358-san-pham.png', 1, '2020-08-14 14:30:31', '2020-08-14 14:30:31'),
(26, 13, '140820213031339851410-san-pham.png', 1, '2020-08-14 14:30:31', '2020-08-14 14:30:31'),
(27, 14, '1408202143521031157464-san-pham.png', 1, '2020-08-14 14:43:52', '2020-08-14 14:43:52'),
(28, 15, '14082021523278367771-san-pham.png', 1, '2020-08-14 14:52:32', '2020-08-14 14:52:32'),
(29, 15, '1408202152321274170636-san-pham.png', 1, '2020-08-14 14:52:32', '2020-08-14 14:52:32'),
(30, 16, '140820215832352539825-san-pham.png', 1, '2020-08-14 14:58:32', '2020-08-14 14:58:32'),
(31, 16, '140820215832801652849-san-pham.png', 1, '2020-08-14 14:58:32', '2020-08-14 14:58:32'),
(32, 17, '140820220606429761111-san-pham.png', 1, '2020-08-14 15:06:06', '2020-08-14 15:06:06'),
(33, 17, '1408202206061844774961-san-pham.png', 1, '2020-08-14 15:06:06', '2020-08-14 15:06:06'),
(34, 18, '140820220927944137381-san-pham.png', 1, '2020-08-14 15:09:27', '2020-08-14 15:09:27'),
(35, 18, '140820220927989460903-san-pham.png', 1, '2020-08-14 15:09:27', '2020-08-14 15:09:27'),
(36, 19, '1408202213251284228559-san-pham.png', 1, '2020-08-14 15:13:25', '2020-08-14 15:13:25'),
(37, 19, '1408202213251028717727-san-pham.png', 1, '2020-08-14 15:13:25', '2020-08-14 15:13:25'),
(38, 20, '1408202221191447537537-san-pham.png', 1, '2020-08-14 15:21:19', '2020-08-14 15:21:19'),
(39, 20, '1408202221191423902466-san-pham.png', 1, '2020-08-14 15:21:19', '2020-08-14 15:21:19'),
(40, 21, '140820222403158082820-san-pham.png', 1, '2020-08-14 15:24:03', '2020-08-14 15:24:03'),
(41, 21, '1408202224031121523374-san-pham.png', 1, '2020-08-14 15:24:03', '2020-08-14 15:24:03'),
(42, 22, '14082022285869628700-san-pham.png', 1, '2020-08-14 15:28:58', '2020-08-14 15:28:58'),
(43, 22, '1408202228581360272042-san-pham.png', 1, '2020-08-14 15:28:58', '2020-08-14 15:28:58'),
(44, 23, '1408202230421012459984-san-pham.png', 1, '2020-08-14 15:30:42', '2020-08-14 15:30:42'),
(45, 24, '1408202232091266543931-san-pham.png', 1, '2020-08-14 15:32:09', '2020-08-14 15:32:09'),
(46, 25, '140820223318287521166-san-pham.png', 1, '2020-08-14 15:33:18', '2020-08-14 15:33:18'),
(47, 26, '140820223425357350967-san-pham.png', 1, '2020-08-14 15:34:25', '2020-08-14 15:34:25'),
(48, 27, '1408202235321085474090-san-pham.png', 1, '2020-08-14 15:35:32', '2020-08-14 15:35:32'),
(49, 28, '1408202245281749998780-san-pham.png', 1, '2020-08-14 15:45:28', '2020-08-14 15:45:28'),
(50, 28, '1408202245282145787285-san-pham.png', 1, '2020-08-14 15:45:28', '2020-08-14 15:45:28'),
(51, 29, '1508200231251906827964-san-pham.png', 1, '2020-08-14 19:31:25', '2020-08-14 19:31:25'),
(52, 29, '150820023125497980962-san-pham.png', 1, '2020-08-14 19:31:25', '2020-08-14 19:31:25'),
(53, 30, '150820142241563076064-san-pham.png', 1, '2020-08-15 07:22:41', '2020-08-15 07:22:41'),
(54, 30, '150820142241978055289-san-pham.png', 1, '2020-08-15 07:22:41', '2020-08-15 07:22:41'),
(55, 31, '170820231204905927687-san-pham.png', 1, '2020-08-17 16:12:05', '2020-08-17 16:12:05'),
(56, 31, '1708202312051909591379-san-pham.png', 1, '2020-08-17 16:12:05', '2020-08-17 16:12:05'),
(57, 31, '1708202312051138707952-san-pham.png', 1, '2020-08-17 16:12:05', '2020-08-17 16:12:05'),
(58, 31, '1708202312051841448675-san-pham.png', 1, '2020-08-17 16:12:05', '2020-08-17 16:12:05'),
(59, 31, '1708202312051134932825-san-pham.png', 1, '2020-08-17 16:12:05', '2020-08-17 16:12:05'),
(60, 31, '1708202312051642617550-san-pham.png', 1, '2020-08-17 16:12:05', '2020-08-17 16:12:05');

-- --------------------------------------------------------

--
-- Cấu trúc bảng cho bảng `khach_hang`
--

CREATE TABLE `khach_hang` (
  `id` int(10) UNSIGNED NOT NULL,
  `ten_khach_hang` varchar(255) COLLATE utf8mb4_unicode_ci NOT NULL,
  `gioi_tinh` varchar(255) COLLATE utf8mb4_unicode_ci NOT NULL,
  `dia_chi` varchar(255) COLLATE utf8mb4_unicode_ci NOT NULL,
  `sdt` varchar(255) COLLATE utf8mb4_unicode_ci NOT NULL,
  `email` varchar(255) COLLATE utf8mb4_unicode_ci NOT NULL,
  `ghi_chu` varchar(255) COLLATE utf8mb4_unicode_ci NOT NULL,
  `trang_thai` tinyint(1) NOT NULL,
  `created_at` timestamp NULL DEFAULT NULL,
  `updated_at` timestamp NULL DEFAULT NULL
) ENGINE=InnoDB DEFAULT CHARSET=utf8mb4 COLLATE=utf8mb4_unicode_ci;

--
-- Đang đổ dữ liệu cho bảng `khach_hang`
--

INSERT INTO `khach_hang` (`id`, `ten_khach_hang`, `gioi_tinh`, `dia_chi`, `sdt`, `email`, `ghi_chu`, `trang_thai`, `created_at`, `updated_at`) VALUES
(1, 'Willis Schaefer', 'nam', 'Odit odio nihil aut sequi enim reprehenderit praesentium.', '0123456789', 'abcdedd@gmail.com', 'không', 1, '2020-08-08 21:57:52', '2020-08-08 21:57:52'),
(2, 'Alanis Mraz', 'nam', 'Iure et tenetur quia veritatis adipisci.', '0123456789', 'abcdedd@gmail.com', 'không', 1, '2020-08-08 21:57:52', '2020-08-08 21:57:52'),
(3, 'Dennis Kautzer', 'nam', 'Quaerat autem ad temporibus porro.', '0123456789', 'abcdedd@gmail.com', 'không', 1, '2020-08-08 21:57:52', '2020-08-08 21:57:52'),
(4, 'Miss Marilou Hudson IV', 'nam', 'Consequuntur aspernatur aut porro laboriosam molestias assumenda dicta.', '0123456789', 'abcdedd@gmail.com', 'không', 1, '2020-08-08 21:57:52', '2020-08-08 21:57:52'),
(5, 'Jena Kris', 'nam', 'Repudiandae vero cum ipsum debitis aut.', '0123456789', 'abcdedd@gmail.com', 'không', 1, '2020-08-08 21:57:52', '2020-08-08 21:57:52'),
(6, 'Eulah Wolff', 'nam', 'Aut quod nihil quae quam.', '0123456789', 'abcdedd@gmail.com', 'không', 1, '2020-08-08 21:57:52', '2020-08-08 21:57:52'),
(7, 'Shanel Schmidt', 'nam', 'Blanditiis praesentium et nulla quo reiciendis itaque hic.', '0123456789', 'abcdedd@gmail.com', 'không', 1, '2020-08-08 21:57:52', '2020-08-08 21:57:52'),
(8, 'Jessy Larson III', 'nam', 'Et quibusdam dolore mollitia corrupti earum cupiditate odit voluptatem.', '0123456789', 'abcdedd@gmail.com', 'không', 1, '2020-08-08 21:57:52', '2020-08-08 21:57:52'),
(9, 'Miss Mariane Champlin DDS', 'nam', 'Sunt aliquam ea saepe sint voluptas libero.', '0123456789', 'abcdedd@gmail.com', 'không', 1, '2020-08-08 21:57:52', '2020-08-08 21:57:52'),
(504, 'Lam Truong', 'nam', 'TPHCM', '0964653993', 'lamtruongxxy@gmail.com', 'khong co ghi chu nha', 1, '2020-08-12 15:52:31', '2020-08-12 15:52:31'),
(505, 'Anh Tú', 'Nam', '\"TPHCM\"', '0978965517', 'lamtruongxxy@gmail.com', 'khongg', 1, '2020-08-12 16:03:26', '2020-08-12 16:04:28'),
(506, 'Lam Truong', 'nam', 'TPHCM', '0978965517', 'lamtruongxxy@gmail.com', 'khong', 1, '2020-08-12 16:11:52', '2020-08-12 16:11:52'),
(507, 'lam truong', 'nữ', 'TPHCM', '0978965517', 'lamtruongxxy@gmail.com', 'sddsdsd', 1, '2020-08-12 16:15:54', '2020-08-12 16:15:54'),
(508, 'hung', 'nam', 'tien giang', '43333333333333333333', 'lamtruongxxy@gmail.com', 'hjfhjdhfjshdkfjhsdkf', 1, '2020-08-12 16:19:32', '2020-08-12 16:19:32'),
(509, 'Anh Tú', 'nam', 'bình thạnh', '0209090909090', 'anhtu@gmail.com', 'không', 1, '2020-08-12 16:26:21', '2020-08-12 16:26:21'),
(510, 'truong thu hai', 'nam', 'tien giang', '0978965517', 'lamtruongxxy@gmail.com', 'kkkk', 1, '2020-08-12 16:28:37', '2020-08-12 16:28:37'),
(511, 'lam truong', 'nam', 'an giang', '12456763435', 'lamtruongxxy@gmail.com', 'sssssssssssssssssssssss', 1, '2020-08-12 19:02:18', '2020-08-12 19:02:18'),
(512, 'thanh vinh', 'nam', 'binh tan', '09876567899', 'thanhvinh@gmail.com', 'ddddddddddddddddddddddddddddđ', 1, '2020-08-12 19:03:53', '2020-08-12 19:03:53'),
(513, 'van ý', 'nam', 'vũng tàu', '09876678909', 'vany@gmail.com', 'sssssssssssssssssssssssssssssssssssssssssssssss', 1, '2020-08-12 19:05:14', '2020-08-12 19:05:14'),
(514, 'van ý', 'nam', 'vũng tàu', '23242342343', 'vany@gmail.com', 'ddddddddddd', 1, '2020-08-12 19:06:16', '2020-08-12 19:06:16'),
(515, 'duong coc man', 'nam', 'quan 11', '12323232132', 'cocman@gmail.com', 'không', 1, '2020-08-12 19:17:21', '2020-08-12 19:17:21'),
(516, 'Lam Truong', 'nam', 'vũng tàu', '0978965517', 'lamtruongxxy@gmail.com', 'không có ghi chú', 1, '2020-08-14 18:14:59', '2020-08-14 18:14:59'),
(517, 'windy', 'nữ', 'quận 11 tphcm', '0842969667', 'windy@gmail.com', 'giao buổi sáng nha shop', 1, '2020-08-14 19:21:11', '2020-08-14 19:21:11'),
(518, 'lam truong', 'nam', 'quận 1 tphcm', '0978965517', 'lamtruongxxy@gmail.com', 'giao buổ sáng', 1, '2020-08-15 07:15:01', '2020-08-15 07:15:01'),
(519, 'lam truong', 'nam', 'TPHCM', '0842969667', 'lamtruongxxy@gmail.com', 'không', 1, '2020-08-17 16:21:44', '2020-08-17 16:21:44'),
(520, 'aa', 'nam', 'aaa', '09646539933', 'lamtruongxxy@gmail.com', 'aaaaa', 1, '2020-08-18 03:45:24', '2020-08-18 03:45:24'),
(521, 'van y', 'nam', 'vũng tàu', '0978965517', 'anhtu@gmail.com', 'khong', 1, '2020-08-18 03:54:47', '2020-08-18 03:54:47'),
(522, 'van ý', 'nam', 'bình thạnh', '0842969667', 'vany@gmail.com', 'khoong', 1, '2020-08-18 04:02:19', '2020-08-18 04:02:19'),
(523, 'thu ngoc mai', 'nữ', 'vũng tàu', '0377427610', 'ngocmai@gmail.com', 'giao sáng', 1, '2020-08-18 04:20:41', '2020-08-18 04:20:41');

-- --------------------------------------------------------

--
-- Cấu trúc bảng cho bảng `khuyen_mai_san_pham`
--

CREATE TABLE `khuyen_mai_san_pham` (
  `id` int(10) UNSIGNED NOT NULL,
  `chuong_trinh_khuyen_mai_id` int(11) NOT NULL,
  `san_pham_id` int(11) NOT NULL,
  `trang_thai` tinyint(1) NOT NULL,
  `created_at` timestamp NULL DEFAULT NULL,
  `updated_at` timestamp NULL DEFAULT NULL
) ENGINE=InnoDB DEFAULT CHARSET=utf8mb4 COLLATE=utf8mb4_unicode_ci;

-- --------------------------------------------------------

--
-- Cấu trúc bảng cho bảng `loai_san_pham`
--

CREATE TABLE `loai_san_pham` (
  `id` int(10) UNSIGNED NOT NULL,
  `ten_loai_sp` varchar(255) COLLATE utf8mb4_unicode_ci NOT NULL,
  `ghi_chu` varchar(255) COLLATE utf8mb4_unicode_ci NOT NULL,
  `trang_thai` tinyint(1) NOT NULL,
  `created_at` timestamp NULL DEFAULT NULL,
  `updated_at` timestamp NULL DEFAULT NULL
) ENGINE=InnoDB DEFAULT CHARSET=utf8mb4 COLLATE=utf8mb4_unicode_ci;

--
-- Đang đổ dữ liệu cho bảng `loai_san_pham`
--

INSERT INTO `loai_san_pham` (`id`, `ten_loai_sp`, `ghi_chu`, `trang_thai`, `created_at`, `updated_at`) VALUES
(1, 'Điện Thoại Cảm Ứng', 'Không', 1, '2020-08-08 00:46:26', '2020-08-08 00:46:26'),
(2, 'Điện Thoại Nắp Gập', 'Không', 1, '2020-08-08 00:46:26', '2020-08-08 00:46:26'),
(3, 'Điện Thoại Phổ Thông', 'Không', 1, '2020-08-08 00:46:26', '2020-08-08 00:46:26');

-- --------------------------------------------------------

--
-- Cấu trúc bảng cho bảng `migrations`
--

CREATE TABLE `migrations` (
  `id` int(10) UNSIGNED NOT NULL,
  `migration` varchar(255) COLLATE utf8mb4_unicode_ci NOT NULL,
  `batch` int(11) NOT NULL
) ENGINE=InnoDB DEFAULT CHARSET=utf8mb4 COLLATE=utf8mb4_unicode_ci;

--
-- Đang đổ dữ liệu cho bảng `migrations`
--

INSERT INTO `migrations` (`id`, `migration`, `batch`) VALUES
(1, '2020_07_01_103524_create_tai_khoans_table', 1),
(2, '2020_07_01_103554_create_gio_hangs_table', 1),
(3, '2020_07_01_103608_create_binh_luans_table', 1),
(4, '2020_07_01_103623_create_chuong_trinh_khuyen_mais_table', 1),
(5, '2020_07_01_103652_create_san_phams_table', 1),
(6, '2020_07_01_103704_create_khuyen_mai_s_p_s_table', 1),
(7, '2020_07_01_103717_create_loai_s_p_s_table', 1),
(8, '2020_07_01_103745_create_ten_thong_so_san_phams_table', 1),
(9, '2020_07_01_103759_create_nha_san_xuats_table', 1),
(10, '2020_07_01_103816_create_hinh_anh_s_p_s_table', 1),
(11, '2020_07_01_103829_create_thong_sos_table', 1),
(12, '2020_07_24_071239_create_khach_hangs_table', 1),
(13, '2020_07_24_071934_create_don_hangs_table', 1),
(14, '2020_07_24_071955_create_chi_tiet_don_hangs_table', 1);

-- --------------------------------------------------------

--
-- Cấu trúc bảng cho bảng `nha_san_xuat`
--

CREATE TABLE `nha_san_xuat` (
  `id` int(10) UNSIGNED NOT NULL,
  `ten_nha_sx` varchar(255) COLLATE utf8mb4_unicode_ci NOT NULL,
  `ghi_chu` varchar(255) COLLATE utf8mb4_unicode_ci NOT NULL,
  `trang_thai` tinyint(1) NOT NULL,
  `created_at` timestamp NULL DEFAULT NULL,
  `updated_at` timestamp NULL DEFAULT NULL
) ENGINE=InnoDB DEFAULT CHARSET=utf8mb4 COLLATE=utf8mb4_unicode_ci;

--
-- Đang đổ dữ liệu cho bảng `nha_san_xuat`
--

INSERT INTO `nha_san_xuat` (`id`, `ten_nha_sx`, `ghi_chu`, `trang_thai`, `created_at`, `updated_at`) VALUES
(1, 'Apple', 'Không', 1, '2020-08-08 00:46:26', '2020-08-08 00:46:26'),
(2, 'Samsung', 'Không', 1, '2020-08-08 00:46:26', '2020-08-08 00:46:26'),
(3, 'Oppo', 'Không', 1, '2020-08-08 00:46:26', '2020-08-08 00:46:26'),
(4, 'Xiaomi', 'Không', 1, '2020-08-08 00:46:26', '2020-08-08 00:46:26'),
(5, 'Nokia', 'Không', 1, '2020-08-08 00:46:26', '2020-08-08 00:46:26'),
(6, 'Huawei', 'Không', 1, '2020-08-08 00:46:26', '2020-08-08 00:46:26');

-- --------------------------------------------------------

--
-- Cấu trúc bảng cho bảng `san_pham`
--

CREATE TABLE `san_pham` (
  `id` int(10) UNSIGNED NOT NULL,
  `nha_san_xuat_id` int(11) NOT NULL,
  `ten_sp` varchar(255) COLLATE utf8mb4_unicode_ci NOT NULL,
  `mo_ta_sp` text COLLATE utf8mb4_unicode_ci NOT NULL,
  `gia_sp` int(11) NOT NULL,
  `gia_khuyen_mai` int(11) NOT NULL,
  `so_luong_ton_kho` int(11) NOT NULL,
  `loai_san_pham_id` int(11) NOT NULL,
  `che_do_bao_hanh` varchar(255) COLLATE utf8mb4_unicode_ci NOT NULL,
  `trang_thai` tinyint(1) NOT NULL,
  `created_at` timestamp NULL DEFAULT NULL,
  `updated_at` timestamp NULL DEFAULT NULL
) ENGINE=InnoDB DEFAULT CHARSET=utf8mb4 COLLATE=utf8mb4_unicode_ci;

--
-- Đang đổ dữ liệu cho bảng `san_pham`
--

INSERT INTO `san_pham` (`id`, `nha_san_xuat_id`, `ten_sp`, `mo_ta_sp`, `gia_sp`, `gia_khuyen_mai`, `so_luong_ton_kho`, `loai_san_pham_id`, `che_do_bao_hanh`, `trang_thai`, `created_at`, `updated_at`) VALUES
(1, 1, 'iphone 7-32G', 'iPhone 7 32GB vẫn mang trên mình thiết kế quen thuộc của từ thời iPhone 6 nhưng có nhiều thay đổi lớn về phần cứng, dàn loa stereo và cấu hình cực mạnh.', 8490000, 0, 50, 1, '1 năm', 1, '2020-08-08 00:48:51', '2020-08-08 00:48:51'),
(3, 1, 'iphone 8Plus 64G', 'Thừa hưởng những thiết kế đã đạt đến độ chuẩn mực, thế hệ iPhone 8 Plus thay đổi phong cách bóng bẩy hơn và bổ sung hàng loạt tính năng cao cấp cho trải nghiệm sử dụng vô cùng tuyệt vời.', 14999000, 13990000, 50, 1, '1 năm', 1, '2020-08-08 01:04:01', '2020-08-08 01:04:01'),
(4, 1, 'iphone 11 128G', 'Được xem là phiên bản iPhone \"giá rẻ\" trong bộ 3 iPhone mới ra mắt nhưng iPhone 11 128GB vẫn sở hữu cho mình rất nhiều ưu điểm mà hiếm có một chiếc smartphone nào khác sở hữu.', 23990000, 22990000, 50, 1, '1 năm', 1, '2020-08-08 01:07:17', '2020-08-08 01:07:17'),
(5, 1, 'iPhone Xs Max 256GB', 'Sau 1 năm mong chờ, chiếc smartphone cao cấp nhất của Apple đã chính thức ra mắt mang tên iPhone Xs Max 256 GB. Máy các trang bị các tính năng cao cấp nhất từ chip A12 Bionic, dàn loa đa chiều cho tới camera kép tích hợp trí tuệ nhân tạo.', 30990000, 29990000, 50, 1, '1 năm', 1, '2020-08-08 01:11:34', '2020-08-08 01:11:34'),
(6, 1, 'iPhone 11 Pro Max 512GB', 'Trong năm 2019 thì chiếc smartphone được nhiều người mong muốn sở hữu trên tay và sử dụng nhất không ai khác chính là iPhone 11 Pro Max 512GB tới từ nhà Apple.', 41990000, 40990000, 50, 1, '1 năm', 1, '2020-08-08 01:15:45', '2020-08-08 01:15:45'),
(7, 2, 'Samsung Galaxy Note 10+', 'Trông ngoại hình khá giống nhau, tuy nhiên Samsung Galaxy Note 10+ sở hữu khá nhiều điểm khác biệt so với Galaxy Note 10 và đây được xem là một trong những chiếc máy đáng mua nhất trong năm 2019, đặc biệt dành cho những người thích một chiếc máy màn hình lớn, camera chất lượng hàng đầu.', 26990000, 17990000, 50, 1, '1 năm', 1, '2020-08-08 01:18:41', '2020-08-08 01:18:41'),
(8, 2, 'Samsung Galaxy A21s (6GB/64GB)', 'Samsung Galaxy A21s là chiếc điện thoại tầm trung mới của Samsung, mang trong mình có thiết kế màn hình nốt ruồi thời thượng, cùng cụm 4 camera sau độ phân giải lên đến 48 MP hỗ trợ nhiều tính năng chụp ảnh hấp dẫn.', 4890000, 0, 50, 1, '1 năm', 1, '2020-08-08 23:53:17', '2020-08-08 23:53:17'),
(9, 2, 'Samsung Galaxy A71', 'Sau A51, Samsung tiếp tục ra mắt Galaxy A71 là đại diện kế tiếp thuộc thế hệ smartphone Galaxy A 2020. Máy được cải tiến với camera macro siêu cận đột phá, camera chính lên đến 64 MP cùng thiết kế thời thượng và cao cấp.\r\nMàn hình lớn, trải nghiệm tràn viền cực đã\r\nGalaxy A71 sở hữu màn hình tràn viền Infinity-O với rãnh camera được đặt chính giữa tương tự như trên flagship Note 10. Điểm cộng là phần rãnh camera nay đã được làm rất nhỏ, ít gây chú ý, cho trải nghiệm hình ảnh thoải mái và ít bị phân tâm hơn.', 10490000, 0, 50, 1, '1 năm', 1, '2020-08-14 14:00:25', '2020-08-14 14:02:45'),
(10, 2, 'Samsung Galaxy S20+', 'Chiếc điện thoại Samsung Galaxy S20 Plus - Siêu phẩm với thiết màn hình tràn viền, hiệu năng đỉnh cao kết hợp cùng nhiều đột phá về công nghệ dẫn đầu thế giới smartphone.\r\nThiết kế màn hình tràn viền, siêu mượt 120 Hz\r\nThiết kế của chiếc điện thoại Samsung Galaxy S20 Plus là kính kết hợp độc đáo giữa với khung kim loại cùng mặt lưng kính cường lực Gorilla Glass 6 thế hệ mới nhất cho khả năng chống chịu trầy xước và va đập tốt.', 23000000, 0, 50, 1, '1 năm', 1, '2020-08-14 14:11:46', '2020-08-14 14:12:45'),
(11, 2, 'Samsung Galaxy A70', 'Samsung Galaxy A70 là một phiên bản phóng to của chiếc Samsung Galaxy A50 đã ra mắt trước đó với nhiều cải tiến tới từ bên trong.\r\nMàn hình kích thước lớn, trải nghiệm \"đã hơn\"\r\nMàn hình của chiếc Galaxy A70 có kích thước khá lớn lên đến 6.7 inch độ phân giải Full HD+ trên tấm nền Super AMOLED.', 10290000, 9290000, 100, 1, '1 năm', 1, '2020-08-14 14:18:00', '2020-08-14 14:23:18'),
(12, 2, 'Samsung Galaxy Z Flip', 'Cuối cùng sau bao nhiêu thời gian chờ đợi, chiếc điện thoại Samsung Galaxy Z Flip đã được Samsung ra mắt tại sự kiện Unpacked 2020. Siêu phẩm với thiết kế màn hình gập vỏ sò độc đáo, hiệu năng tuyệt đỉnh cùng nhiều công nghệ thời thượng, dẫn dầu 2020.\r\nĐột phá với thiết kế màn hình gập\r\nSamsung Galaxy Z Flip được thiết kế với kiểu dáng màn hình gập lấy ý tưởng từ dòng sản phẩm Galaxy Fold từng gây nhiều tiếng vang trong năm 2019.', 36000000, 0, 100, 2, '1 năm', 1, '2020-08-14 14:25:56', '2020-08-14 14:26:40'),
(13, 3, 'OPPO Reno3', 'OPPO Reno3 là một sản phẩm ở phân khúc tầm trung nhưng vẫn sở hữu cho mình ngoại hình bắt mắt, cụm camera chất lượng và cùng nhiều đột phá về màn hình cũng như hiệu năng.\r\nNhiếp ảnh, quay phim đỉnh với cụm camera chất\r\nXu thế nhiều camera đang \"nở rộ\" và trên \"đứa con cưng của mình\" thì OPPO đã mang tới cho người dùng cụm 4 camera chất lượng ở mặt sau máy.', 8990000, 7990000, 50, 1, '1 năm', 1, '2020-08-14 14:30:31', '2020-08-14 14:37:34'),
(14, 3, 'OPPO Reno4', 'Đặc điểm nổi bật của OPPO Reno4\r\n\r\nBộ sản phẩm chuẩn: Sạc, Tai nghe, Sách hướng dẫn, Hộp, Cây lấy sim, Ốp lưng, Cáp\r\n\r\nOPPO Reno4 - Chiếc điện thoại có thiết kế thời thượng, hiệu năng mạnh mẽ cùng bộ ba camera siêu ấn tượng, tối ưu hóa cho chụp ảnh và quay phim siêu sắc nét, hứa hẹn sẽ là sản phẩm đáng để nâng cấp của hãng OPPO trong năm nay.\r\nThiết kế mới, hiện đại và ấn tượng \r\nĐầu tiên, OPPO Reno 4 có sự nâng cấp toàn diện so với người anh em Reno3, khi sử dụng chất liệu nhôm nguyên khối và được bọc kính cường lực Gorilla Glass 3 ở phần mặt trước và vỏ nhựa giả kính mặt lưng góp phần tăng độ cứng cáp lẫn nét sang trọng cho máy. \r\nTiếp đến là màn hình hyperbol kích thước 6.4 inch có phần viền benzel được làm siêu mỏng, độ phân giải Full HD+ (1080 x 2400 Pixels) trên nền màu AMOLED mang đến chất lượng hình ảnh rõ nét, sống động, trải nghiệm giải trí chơi game trên thiết bị này sẽ cực lỳ thích.', 8490000, 0, 50, 1, '1 năm', 1, '2020-08-14 14:43:52', '2020-08-14 14:44:07'),
(15, 3, 'OPPO Find X2', 'Đặc điểm nổi bật của OPPO Find X2\r\n\r\nBộ sản phẩm chuẩn: Hộp, Sạc, Tai nghe, Sách hướng dẫn, Cáp, Cây lấy sim, Ốp lưng\r\n\r\nTiếp nối thành công vang dội của thế hệ Find X, OPPO chính thức ra mắt Find X2 với những đường nét thanh lịch từ thiết kế phần cứng cho đến trải nghiệm phần mềm, hứa hẹn một vẻ đẹp hoàn hảo, một sức mạnh xứng tầm.\r\nTrải nghiệm thị giác tuyệt vời\r\nFind X2 sở hữu màn hình AMOLED Ultra Vision cao cấp với kích thước lên đến 6.78 inch cùng độ phân giải 2K+ cực nét được bảo vệ bằng kính cường lực Corning Gorilla Glass 6 cao cấp.', 23990000, 0, 100, 1, '1 năm', 1, '2020-08-14 14:52:32', '2020-08-14 14:52:56'),
(16, 3, 'OPPO Reno3 Pro', 'OPPO Reno3 Pro tiếp nối truyền thống dòng Reno, vẫn sở hữu cụm camera sau chất lượng cao và bổ sung tính năng quay video Siêu chống rung 2.0 ấn tượng. OPPO cũng trang bị cho máy cụm camera selfie kép tích hợp AI, thiết kế cao cấp cùng màn hình siêu mượt 90Hz theo kịp xu hướng.', 14290000, 0, 100, 1, '1 năm', 1, '2020-08-14 14:58:32', '2020-08-14 14:58:52'),
(17, 6, 'Huawei Mate X', 'Điện thoại Huawei Mate X – Thiết kế màn hình gập độc đáo\r\nSau trào lưu màn hình giọt nước năm 2018 thì 2019 sẽ là xu hướng của màn hình gập và Huawei luôn bắt kịp những xu hướng mới nhất trên thị trường. Không phải người đi đầu nhưng Huawei cũng nhanh chóng bắt kịp  gia nhập cuộc chơi khi chính thức trình làng mẫu di động với màn hình có thể gập độc đáo mang tên Huawei Mate X.\r\n\r\nHuawei Mate X - sự kết hợp của smartphone và tablet\r\nLà người nhập cuộc sau trong cuộc đua màn hình gập nhưng Huawei Mate X vẫn sở hữu một thiết kế rất riêng. Nếu như Galaxy Fold được thiết kế gập về phía trong màn hình và phải trang bị thêm một màn hình phụ thì điện thoại lại được thiết kế gập về mặt lưng với bản lề Falcon Wing nhờ đó khi gập phần mặt lưng sẽ khép sát nhau mang đến giá trị thẩm mỹ cao.', 70000000, 0, 10, 2, '1 năm', 1, '2020-08-14 15:06:06', '2020-08-14 15:06:21'),
(18, 3, 'OPPO A91', 'OPPO A91 là một mẫu smartphone tầm trung mới ra mắt vào cuối năm 2019 của OPPO với nhiều tính năng thú vị, cấu hình ổn cùng giá bán phải chăng.\r\nCụm 4 camera độ phân giải 48 MP\r\nĐiểm nổi bật của chiếc điện thoại OPPO A91 này có thể kể đến việc được trang bị tới 4 camera sau, độ phân giải lần lượt là cảm biến chính 48 MP, camera siêu rộng 8 MP, ống kính macro 2 MP + cảm biến độ sâu 2 MP.', 5490000, 4490000, 10, 1, '1 năm', 1, '2020-08-14 15:09:27', '2020-08-14 15:09:46'),
(19, 2, 'Samsung Galaxy Fold', 'Samsung đã trang bị cho Galaxy Fold một bộ khung kim loại và bản lề cực kỳ chắc chắn. Theo như công bố, bản lề của máy có thể gập mở lên tới 200.000 lần. Điều đó có nghĩa là trong 5 năm liên tục, bạn sẽ được gập mở máy hơn 100 lần mỗi ngày. Có lẽ độ bền của máy và bản lề là điều không có gì để bàn cãi. Kích thước của  Galaxy Fold khi gập là 62.8 x 160.9 x 17.1 mm (bản lề). Còn kích thước khi mở ra là 117.9 x 160.9 x 7.6 mm. Khi những chiếc smartphone khác vẫn trung thành với 1 màn hình thì sản phẩm này đã khai sinh ra thế hệ điện thoại mới 2 màn hình.', 60000000, 0, 5, 2, '1 năm', 1, '2020-08-14 15:13:25', '2020-08-14 15:13:38'),
(20, 4, 'Xiaomi Redmi Note 8 Pro', 'Là phiên bản nâng cấp của chiếc Xiaomi Redmi Note 7 Pro đã \"làm mưa làm gió\" trên thị trường trước đó, chiếc Xiaomi Redmi Note 8 Pro (6GB/128GB) sẽ là sự lựa chọn hàng đầu dành cho người dùng quan tâm nhiều về hiệu năng và camera của một chiếc máy tầm trung.', 5590000, 5490000, 10, 1, '18 Tháng', 1, '2020-08-14 15:21:19', '2020-08-14 15:24:52'),
(21, 4, 'Xiaomi Mi Note 10 Pro', 'Siêu phẩm tầm trung Xiaomi Mi Note 10 Pro, chiếc smartphone đầu tiên sở hữu ống kính độ phân giải 108 MP cùng hệ thống 5 camera độc đáo, công nghệ sạc siêu nhanh 30W đi kèm nhiều tính năng nổi trội khác.', 1490000, 139000, 40, 1, '18 Tháng', 1, '2020-08-14 15:24:03', '2020-08-14 15:25:09'),
(22, 5, 'Nokia 5.3', 'Nokia 5.3 tiếp tục là một chiếc smartphone thuộc phân khúc tầm trung vừa được HMD Global ra mắt. Chiếc máy được nâng cấp mạnh với cụm camera đa năng thiết kế tròn lạ mắt, vi xử lý Snapdragon 665 cùng màn hình tràn viền lớn 6.55 inch.\r\nGiải trí sống động với màn hình tràn viền\r\nNokia 5.3 gây ấn tượng bởi màn hình cực rộng lên đến 6.55 inch cung cấp một không gian hiển thị thoáng đãng cho bạn thoải mái chơi game hay xem video.', 3990000, 3390000, 50, 1, '1 năm', 1, '2020-08-14 15:28:58', '2020-08-14 15:40:27'),
(23, 5, 'Nokia 230', 'Nokia 230 được trang bị khá nhiều tính năng hay ho, thiết kế đẹp cho người dùng yêu thích một chiếc điện thoại đẹp - đơn giản - tốt.\r\nThiết kế tỉ mỉ hơn của Nokia 230 Dual SIM\r\nĐiểm nổi bật nhất trên chiếc điện thoại Nokia này là mặt lưng được làm từ nhôm nhìn khá đẹp mắt, tạo sự cứng cáp và tinh tế hơn cho máy.', 125000, 0, 100, 3, '1 năm', 1, '2020-08-14 15:30:42', '2020-08-14 15:36:25'),
(24, 5, 'Nokia 5310 (2020)', 'Được hồi sinh từ mẫu điện thoại nghe nhạc kinh điển của Nokia, phiên bản Nokia 5310 (2020) vẫn giữ phong cách đặc trưng với các phím điều khiển nhạc quen thuộc màu đỏ, hỗ trợ thẻ nhớ lưu trữ nhạc và khả năng nghe FM radio tích hợp.\r\nThiết kế đậm chất XpressMusic cổ điển\r\nTuy không giống hoàn toàn Nokia 5310 XpressMusic, phiên bản 2020 vẫn giữ lại các điểm đặc trưng của dòng máy chuyên nghe nhạc.', 1000000, 0, 100, 3, '1 năm', 1, '2020-08-14 15:32:09', '2020-08-14 15:36:39'),
(25, 5, 'Nokia 210', 'Đặc điểm nổi bật của Nokia 210\r\n\r\nBộ sản phẩm chuẩn: Hộp, Sạc, Tai nghe, Sách hướng dẫn\r\n\r\nMang đến MWC 2019 ngoài những chiếc smartphone hấp dẫn Nokia còn trình làng chiếc điện thoại phím Nokia 210 dành cho những người thích sử dụng thiết bị nghe, gọi đơn giản.\r\nThiết kế nhỏ gọn tinh tế\r\nChiếc điện thoại Nokia 210 có thiết kế nhỏ gọn với hai đường cong ở hai bên thân máy cho cảm giác thoải mái khi sử dụng.', 790000, 0, 100, 3, '1 năm', 1, '2020-08-14 15:33:18', '2020-08-14 15:37:22'),
(26, 5, 'Nokia 150 (2020)', 'Nokia 150 (2020) là phiên bản tiếp theo của người anh Nokia 150 (2017) đã rất thành công trước đó. Được cải tiến nhiều nhất về thiết kế, nâng cấp bộ nhớ danh bạ đến 800 số và có bàn phím T9 lớn hơn dễ sử dụng.\r\nThiết kế hoài cổ nhưng đầy hiện đại\r\nLà dòng điện thoại phổ thông tuy nhiên Nokia 150 (2020) mang hơi hướng hiện đại, gọn gàng với trọng lượng nhẹ chỉ khoảng 90.54 g (khoảng 1/2 chiếc smartphone thông thường), với màu sắc trẻ trung, đẹp mắt phù hợp hầu hết đối tượng.', 600000, 0, 100, 3, '1 năm', 1, '2020-08-14 15:34:25', '2020-08-14 15:40:45'),
(27, 5, 'Nokia 110 (2019)', 'Nhắc đến những chiếc điện thoại cơ bản với thời lượng pin trâu để sử dụng nhiều ngày thì không thể không nhắc tới Nokia và mới đây hãng này cũng tiếp tục giới thiệu chiếc Nokia 110 (2019) để tiếp nối ưu điểm này.', 400000, 0, 100, 3, '1 năm', 1, '2020-08-14 15:35:32', '2020-08-14 15:41:08'),
(28, 6, 'Huawei Y9s', 'Huawei Y9s là phiên bản nâng cấp của chiếc Huawei Y9 đã ra mắt năm ngoái với nhiều cải tiến hơn, hiệu năng mạnh mẽ hơn cho bạn có thể sử dụng lâu dài.', 5990000, 5490000, 100, 1, '1 năm', 1, '2020-08-14 15:45:28', '2020-08-14 15:45:49'),
(29, 1, 'iPhone SE 64GB (2020)', 'iPhone SE 2020 đã bất ngờ ra mắt với thiết kế 4.7 inch nhỏ gọn, chip A13 Bionic mạnh mẽ như trên iPhone 11 và đặc biệt sở hữu mức giá tốt chưa từng có.\r\nThiết kế nhỏ gọn và cao cấp\r\nCảm biến vân tay Touch ID huyền thoại đã quay trở lại trên iPhone SE 2020, cùng với đó là thiết kế gần như sao y của iPhone 8.', 12990000, 0, 100, 1, '1 năm', 1, '2020-08-14 19:31:25', '2020-08-14 19:31:44'),
(30, 1, 'iPhone SE 256GB (2020)', 'iPhone SE 256GB 2020 cuối cùng đã được Apple ra mắt, với ngoại hình nhỏ gọn được sao chép từ iPhone 8 nhưng mang trong mình một hiệu năng mạnh mẽ với vi xử lý A13 Bionic, mức giá hấp dẫn hứa hẹn sẽ là yếu tố “hút khách” của smartphone đình đám đến từ nhà Táo khuyết.\r\nGọn nhẹ chắc chắn thoải mái sử dụng\r\niPhone SE 2020 có thiết kế khá nhỏ bé khi đặt cạnh các smartphone màn hình khủng hiện nay, nhưng với những ai không thích kiểu thiết kế tràn viền và màn hình lớn, thì đây sẽ là lựa chọn tốt nhất cho họ.\r\n\r\nVới màn hình 4.7 inch, viền màn hình khá dày, cùng cảm biến vân tay Touch ID, các cạnh bo cong hoàn hảo, iPhone SE 2020 mang lại cảm giác cầm nắm quen thuộc, kích thước nhỏ gọn để bạn sử dụng 1 tay một cách dễ dàng.', 17990000, 0, 100, 1, '1 năm', 1, '2020-08-15 07:22:41', '2020-08-15 07:23:07'),
(31, 2, 'Galaxy Note 20', 'siêu phẩm Samsung Galaxy Note 20 Series đã có hàng trải nghiệm tại siêu thị hiện đang chờ bạn đến khám phá', 23990000, 0, 100, 1, '1 năm', 1, '2020-08-17 16:12:05', '2020-08-17 16:13:39');

-- --------------------------------------------------------

--
-- Cấu trúc bảng cho bảng `tai_khoan`
--

CREATE TABLE `tai_khoan` (
  `id` int(10) UNSIGNED NOT NULL,
  `ten_tai_khoan` varchar(255) COLLATE utf8mb4_unicode_ci NOT NULL,
  `mat_khau` varchar(255) COLLATE utf8mb4_unicode_ci NOT NULL,
  `sdt` varchar(255) COLLATE utf8mb4_unicode_ci NOT NULL,
  `email` varchar(255) COLLATE utf8mb4_unicode_ci NOT NULL,
  `dia_chi` varchar(255) COLLATE utf8mb4_unicode_ci NOT NULL,
  `ho_ten` varchar(255) COLLATE utf8mb4_unicode_ci NOT NULL,
  `anh_dai_dien` varchar(255) COLLATE utf8mb4_unicode_ci NOT NULL,
  `trang_thai` tinyint(1) NOT NULL,
  `created_at` timestamp NULL DEFAULT NULL,
  `updated_at` timestamp NULL DEFAULT NULL
) ENGINE=InnoDB DEFAULT CHARSET=utf8mb4 COLLATE=utf8mb4_unicode_ci;

--
-- Đang đổ dữ liệu cho bảng `tai_khoan`
--

INSERT INTO `tai_khoan` (`id`, `ten_tai_khoan`, `mat_khau`, `sdt`, `email`, `dia_chi`, `ho_ten`, `anh_dai_dien`, `trang_thai`, `created_at`, `updated_at`) VALUES
(1, 'admin', '$2y$10$dE0NGjVR1zBPbADSzj8dy.q9toCOEWud21j/0MqZcjIeOE9L9dc6a', '123456', 'anhtuaaa', 'aaaa', 'admin', '', 1, '2020-08-08 00:46:27', '2020-08-08 00:46:27'),
(2, 'truong99', '$2y$10$QC/NAti98ypRqA.Lp.UU/eZieTYXlih1eHwQzcU11I3iP6dTWnr8G', '0978965517', 'lamtruongxxy@gmail.com', 'bdsfgsdfgjsdf', 'lâm trườn', '0', 0, '2020-08-09 00:46:53', '2020-08-12 04:45:45');

-- --------------------------------------------------------

--
-- Cấu trúc bảng cho bảng `thong_so`
--

CREATE TABLE `thong_so` (
  `id` int(10) UNSIGNED NOT NULL,
  `ten_thong_so` varchar(255) COLLATE utf8mb4_unicode_ci NOT NULL,
  `don_vi` varchar(255) COLLATE utf8mb4_unicode_ci NOT NULL,
  `trang_thai` tinyint(1) NOT NULL,
  `created_at` timestamp NULL DEFAULT NULL,
  `updated_at` timestamp NULL DEFAULT NULL
) ENGINE=InnoDB DEFAULT CHARSET=utf8mb4 COLLATE=utf8mb4_unicode_ci;

--
-- Đang đổ dữ liệu cho bảng `thong_so`
--

INSERT INTO `thong_so` (`id`, `ten_thong_so`, `don_vi`, `trang_thai`, `created_at`, `updated_at`) VALUES
(1, 'RAM', 'GB', 1, '2020-08-08 00:46:27', '2020-08-08 00:46:27'),
(2, 'Màn hình', 'Inch', 1, '2020-08-08 00:46:27', '2020-08-08 00:46:27'),
(3, 'ROM', 'GB', 1, '2020-08-08 00:46:27', '2020-08-08 00:46:27'),
(4, 'Camera trước', 'MB', 1, '2020-08-08 00:46:27', '2020-08-08 00:46:27'),
(5, 'Camera sau', 'MB', 1, '2020-08-08 00:46:27', '2020-08-08 00:46:27'),
(6, 'CPU-Hệ điều hành', 'Ghz', 1, '2020-08-08 00:46:27', '2020-08-08 00:46:27'),
(7, 'Trọng lượng', 'gam', 1, '2020-08-08 00:46:27', '2020-08-08 00:46:27'),
(8, 'PIN', 'mAh', 1, '2020-08-08 00:46:27', '2020-08-08 00:46:27');

--
-- Chỉ mục cho các bảng đã đổ
--

--
-- Chỉ mục cho bảng `binh_luan`
--
ALTER TABLE `binh_luan`
  ADD PRIMARY KEY (`id`);

--
-- Chỉ mục cho bảng `chi_tiet_don_hang`
--
ALTER TABLE `chi_tiet_don_hang`
  ADD PRIMARY KEY (`id`);

--
-- Chỉ mục cho bảng `chi_tiet_thong_so`
--
ALTER TABLE `chi_tiet_thong_so`
  ADD PRIMARY KEY (`id`);

--
-- Chỉ mục cho bảng `chuong_trinh_khuyen_mai`
--
ALTER TABLE `chuong_trinh_khuyen_mai`
  ADD PRIMARY KEY (`id`);

--
-- Chỉ mục cho bảng `don_hang`
--
ALTER TABLE `don_hang`
  ADD PRIMARY KEY (`id`);

--
-- Chỉ mục cho bảng `gio_hang`
--
ALTER TABLE `gio_hang`
  ADD PRIMARY KEY (`id`);

--
-- Chỉ mục cho bảng `hinh_anh_san_pham`
--
ALTER TABLE `hinh_anh_san_pham`
  ADD PRIMARY KEY (`id`);

--
-- Chỉ mục cho bảng `khach_hang`
--
ALTER TABLE `khach_hang`
  ADD PRIMARY KEY (`id`);

--
-- Chỉ mục cho bảng `khuyen_mai_san_pham`
--
ALTER TABLE `khuyen_mai_san_pham`
  ADD PRIMARY KEY (`id`);

--
-- Chỉ mục cho bảng `loai_san_pham`
--
ALTER TABLE `loai_san_pham`
  ADD PRIMARY KEY (`id`);

--
-- Chỉ mục cho bảng `migrations`
--
ALTER TABLE `migrations`
  ADD PRIMARY KEY (`id`);

--
-- Chỉ mục cho bảng `nha_san_xuat`
--
ALTER TABLE `nha_san_xuat`
  ADD PRIMARY KEY (`id`);

--
-- Chỉ mục cho bảng `san_pham`
--
ALTER TABLE `san_pham`
  ADD PRIMARY KEY (`id`);

--
-- Chỉ mục cho bảng `tai_khoan`
--
ALTER TABLE `tai_khoan`
  ADD PRIMARY KEY (`id`);

--
-- Chỉ mục cho bảng `thong_so`
--
ALTER TABLE `thong_so`
  ADD PRIMARY KEY (`id`);

--
-- AUTO_INCREMENT cho các bảng đã đổ
--

--
-- AUTO_INCREMENT cho bảng `binh_luan`
--
ALTER TABLE `binh_luan`
  MODIFY `id` int(10) UNSIGNED NOT NULL AUTO_INCREMENT, AUTO_INCREMENT=31;

--
-- AUTO_INCREMENT cho bảng `chi_tiet_don_hang`
--
ALTER TABLE `chi_tiet_don_hang`
  MODIFY `id` int(10) UNSIGNED NOT NULL AUTO_INCREMENT, AUTO_INCREMENT=31;

--
-- AUTO_INCREMENT cho bảng `chi_tiet_thong_so`
--
ALTER TABLE `chi_tiet_thong_so`
  MODIFY `id` int(10) UNSIGNED NOT NULL AUTO_INCREMENT, AUTO_INCREMENT=219;

--
-- AUTO_INCREMENT cho bảng `chuong_trinh_khuyen_mai`
--
ALTER TABLE `chuong_trinh_khuyen_mai`
  MODIFY `id` int(10) UNSIGNED NOT NULL AUTO_INCREMENT;

--
-- AUTO_INCREMENT cho bảng `don_hang`
--
ALTER TABLE `don_hang`
  MODIFY `id` int(10) UNSIGNED NOT NULL AUTO_INCREMENT, AUTO_INCREMENT=21;

--
-- AUTO_INCREMENT cho bảng `gio_hang`
--
ALTER TABLE `gio_hang`
  MODIFY `id` int(10) UNSIGNED NOT NULL AUTO_INCREMENT;

--
-- AUTO_INCREMENT cho bảng `hinh_anh_san_pham`
--
ALTER TABLE `hinh_anh_san_pham`
  MODIFY `id` int(10) UNSIGNED NOT NULL AUTO_INCREMENT, AUTO_INCREMENT=61;

--
-- AUTO_INCREMENT cho bảng `khach_hang`
--
ALTER TABLE `khach_hang`
  MODIFY `id` int(10) UNSIGNED NOT NULL AUTO_INCREMENT, AUTO_INCREMENT=524;

--
-- AUTO_INCREMENT cho bảng `khuyen_mai_san_pham`
--
ALTER TABLE `khuyen_mai_san_pham`
  MODIFY `id` int(10) UNSIGNED NOT NULL AUTO_INCREMENT;

--
-- AUTO_INCREMENT cho bảng `loai_san_pham`
--
ALTER TABLE `loai_san_pham`
  MODIFY `id` int(10) UNSIGNED NOT NULL AUTO_INCREMENT, AUTO_INCREMENT=4;

--
-- AUTO_INCREMENT cho bảng `migrations`
--
ALTER TABLE `migrations`
  MODIFY `id` int(10) UNSIGNED NOT NULL AUTO_INCREMENT, AUTO_INCREMENT=15;

--
-- AUTO_INCREMENT cho bảng `nha_san_xuat`
--
ALTER TABLE `nha_san_xuat`
  MODIFY `id` int(10) UNSIGNED NOT NULL AUTO_INCREMENT, AUTO_INCREMENT=7;

--
-- AUTO_INCREMENT cho bảng `san_pham`
--
ALTER TABLE `san_pham`
  MODIFY `id` int(10) UNSIGNED NOT NULL AUTO_INCREMENT, AUTO_INCREMENT=32;

--
-- AUTO_INCREMENT cho bảng `tai_khoan`
--
ALTER TABLE `tai_khoan`
  MODIFY `id` int(10) UNSIGNED NOT NULL AUTO_INCREMENT, AUTO_INCREMENT=3;

--
-- AUTO_INCREMENT cho bảng `thong_so`
--
ALTER TABLE `thong_so`
  MODIFY `id` int(10) UNSIGNED NOT NULL AUTO_INCREMENT, AUTO_INCREMENT=9;
COMMIT;

/*!40101 SET CHARACTER_SET_CLIENT=@OLD_CHARACTER_SET_CLIENT */;
/*!40101 SET CHARACTER_SET_RESULTS=@OLD_CHARACTER_SET_RESULTS */;
/*!40101 SET COLLATION_CONNECTION=@OLD_COLLATION_CONNECTION */;
